{
    "k1":0.4173,
    "k2":0.44125,
    "kb1":-0.00107,
    "kb2":2.996e-05,
    "kbstd":0.37,
    "processors":8,
    "nbasis":6,
    "mul1":50,
    "mul2":100,
    "mul3":100,
    "gridpoints":20
}

